vendor_id,vendor_name,category,country,annual_contract_value,is_critical_supplier,compliance_risk_score,geo_risk_score,total_spend,spend_share_pct,disputed_count,anomaly_count,financial_risk_score,audit_risk_score,composite_risk_score,risk_tier
V0175,Gibson LLC,Raw Materials,China,1341.76,0,95.0,40.0,88102.9,0.10143497667169674,0.0,0,0.8114798133735739,65.0,54.5,Critical
V0168,"Wright, Davis and Hayden",Manufacturing,Mexico,490664.66,1,100.0,35.0,133138.41,0.15328543682962534,0.0,1,11.226283494637002,20.0,48.8,Critical
V0326,Burgess-Kelly,Logistics,Germany,6464.84,0,75.0,10.0,182558.61000000002,0.21018409549024364,0.0,1,11.681472763921949,75.5,46.3,Critical
V0457,Turner-Brown,Facilities,Brazil,62601.71,0,73.0,30.0,278266.29000000004,0.3203746373237386,0.0,2,22.56299709858991,41.0,45.4,Critical
V0002,"Henderson, Johnson and Robinson",Manufacturing,India,75702.41,0,85.0,20.0,41613.92,0.04791110172784159,2.0,0,12.383288813822732,42.0,45.2,Critical
V0333,Johnson-Lucas,Facilities,Singapore,17887.46,0,100.0,15.0,60885.01,0.07009836871437858,1.0,0,6.560786949715029,20.0,43.6,High
V0477,"Henry, Jackson and Norton",Marketing,Germany,27536.11,0,100.0,10.0,72943.9,0.0839820572857713,2.0,0,12.67185645828617,10.0,42.2,High
V0370,Webb-Ballard,IT Services,China,7588.11,0,45.0,40.0,59814.14,0.06886545046232988,0.0,0,0.550923603698639,90.0,41.9,High
V0416,Khan-Thompson,Software Licensing,Singapore,20132.76,0,73.0,15.0,422498.32999999996,0.48643243579247486,1.0,2,29.891459486339798,24.0,40.8,High
V0001,"Hill, Walker and Doyle",Raw Materials,Singapore,118253.5,0,100.0,15.0,68050.35,0.07834799609037613,1.0,0,6.626783968723009,0.0,39.7,High
V0097,"Johnston, Higgins and Cruz",Facilities,Nigeria,53603.64,0,65.0,60.0,395654.43,0.4555264114700365,1.0,1,19.644211291760293,0.0,39.7,High
V0295,Aguilar and Sons,Marketing,France,39324.51,0,100.0,10.0,111050.29000000001,0.1278548558053726,1.0,0,7.022838846442981,0.0,38.8,High
V0205,"Payne, Jones and Landry",Professional Services,United States,32202.92,0,100.0,10.0,85135.12,0.09801810055221909,1.0,0,6.784144804417752,0.0,38.7,High
V0447,Good Group,IT Services,China,27431.03,0,70.0,40.0,258865.43,0.2980379630313956,2.0,1,24.384303704251167,0.0,38.6,High
V0330,"White, Taylor and Baldwin",Manufacturing,China,17691.48,0,45.0,40.0,299043.42,0.34429584419496306,0.0,1,12.754366753559705,55.0,37.9,High
V0242,Parks-Henry,Logistics,Nigeria,40042.18,0,73.0,60.0,13882.46,0.01598320834212907,0.0,0,0.12786566673703256,0.0,37.6,High
V0306,"Allen, Sheppard and Mueller",IT Services,Nigeria,6810.01,0,70.0,60.0,228441.08,0.26300968096007293,0.0,0,2.1040774476805835,2.0,37.4,High
V0151,Mendoza-Peterson,Marketing,United States,27263.17,0,65.0,10.0,164757.18,0.1896888832239863,3.0,1,29.51751106579189,26.0,37.3,High
V0311,Whitehead-Hernandez,Professional Services,Nigeria,92739.36,0,60.0,60.0,131571.57,0.15148149645027026,1.0,1,17.21185197160216,0.0,37.3,High
V0185,"Thomas, Lee and Greene",Software Licensing,China,23354.65,0,45.0,40.0,132481.2,0.1525287752325791,0.0,3,26.220230201860634,35.0,37.3,High
V0413,"Donovan, Johns and Woods",Marketing,United Kingdom,228267.74,0,100.0,10.0,81087.32,0.09335777156677488,0.0,0,0.7468621725341991,0.0,37.2,High
V0158,Baker Inc,Software Licensing,China,61104.18,0,65.0,40.0,571423.02,0.6578929944799832,1.0,1,21.263143955839865,4.0,36.9,High
V0100,Grant Inc,Professional Services,France,61338.06,0,60.0,10.0,158197.52,0.18213658972315644,1.0,0,7.457092717785251,55.0,35.9,High
V0315,"Santos, Moody and Taylor",Professional Services,Vietnam,20922.42,0,60.0,40.0,177224.87,0.20404323301610378,1.0,2,27.63234586412883,0.0,35.9,High
V0232,"Lewis, Fowler and Maddox",Professional Services,Mexico,67697.32,0,73.0,35.0,59982.7,0.06905951762320406,2.0,0,12.552476140985632,0.0,35.7,High
V0215,Anderson PLC,IT Services,UAE,90985.37,0,60.0,30.0,239920.99000000002,0.27622677600510753,0.0,1,12.20981420804086,26.0,35.3,High
V0486,Lee PLC,Professional Services,Russia,18854.55,0,45.0,70.0,686776.09,0.7907017438453117,1.0,1,22.325613950762495,0.0,35.3,High
V0202,Thompson PLC,Professional Services,United States,59174.82,0,45.0,10.0,391245.71,0.45045054665341816,2.0,1,25.603604373227345,55.0,35.2,High
V0423,"Todd, Thompson and Chase",Marketing,China,56342.33,0,73.0,40.0,40434.41,0.046553103644531815,1.0,0,6.372424829156254,0.0,35.1,High
V0146,Rodgers LLC,Manufacturing,United Kingdom,39610.77,0,85.0,10.0,89596.16,0.10315420263661707,2.0,0,12.825233621092936,0.0,35.0,High
V0209,Hill-Knight,Raw Materials,United Kingdom,15863.72,0,85.0,10.0,68626.17,0.07901095143312985,1.0,0,6.632087611465039,7.0,34.8,High
V0279,"Mullen, Brewer and Hernandez",Manufacturing,France,113373.78,0,73.0,10.0,80569.4,0.0927614778793048,0.0,0,0.7420918230344384,35.0,34.7,High
V0268,Murphy-Smith,Marketing,India,317701.99,1,65.0,20.0,183761.64,0.21156917271228007,1.0,2,27.69255338169824,4.0,34.5,High
V0441,Michael Inc,Professional Services,South Africa,156586.03,0,73.0,35.0,140303.4,0.161534661242249,1.0,0,7.292277289937992,0.0,34.4,High
V0343,Allison Ltd,Professional Services,South Africa,362.44,0,73.0,35.0,124811.06,0.1436979595390134,1.0,0,7.1495836763121074,0.0,34.3,High
V0420,Rosales Group,Manufacturing,Germany,81487.47,0,73.0,10.0,518456.52999999997,0.596911407295774,2.0,1,26.77529125836619,0.0,34.2,High
V0130,Short-Garcia,IT Services,Mexico,31650.21,0,45.0,35.0,142031.03,0.16352372299557746,0.0,0,1.3081897839646197,55.0,34.1,High
V0230,"Richardson, Winters and Newman",Professional Services,France,43950.23,0,75.0,10.0,138760.36,0.15975812237231965,2.0,1,23.278064978978556,0.0,34.1,High
V0197,Williamson and Sons,Logistics,Singapore,46548.74,0,73.0,15.0,78961.0,0.09090968847760797,0.0,2,20.727277507820865,2.0,34.1,High
V0331,Harris-Moody,Logistics,Pakistan,221896.02,0,60.0,55.00000000000001,157938.24,0.18183807445576525,0.0,0,1.454704595646122,8.0,34.0,High
V0047,Barrera-Martin,Facilities,United Kingdom,55064.54,0,85.0,10.0,76446.79000000001,0.08801501835099755,1.0,0,6.7041201468079805,0.0,33.4,High
V0319,Williams Group,Logistics,Germany,29743.26,0,75.0,10.0,165986.64,0.19110438993737242,0.0,0,1.5288351194989793,24.0,33.4,High
V0473,Figueroa Inc,Manufacturing,UAE,12381.75,0,60.0,30.0,162856.30000000002,0.1875003546005733,1.0,1,17.500002836804587,10.0,33.4,High
V0491,Warner Inc,Logistics,United Kingdom,388510.73,0,85.0,10.0,85483.83,0.09841957871826344,1.0,0,6.787356629746108,0.0,33.4,High
V0256,"Austin, Day and Johnson",Logistics,Russia,16423.89,0,33.0,70.0,361600.81,0.41631966401578896,1.0,2,29.33055731212631,0.0,32.9,Medium
V0106,Nelson LLC,Logistics,India,96016.39,0,73.0,20.0,134838.13,0.15524236513219444,2.0,0,13.241938921057555,0.0,32.9,Medium
V0497,Elliott PLC,Facilities,UAE,24400.48,0,45.0,30.0,71421.43,0.08222920114898853,0.0,0,0.6578336091919083,55.0,32.9,Medium
V0344,Jones Ltd,Logistics,UAE,185178.39,0,75.0,30.0,175514.46,0.2020739970607716,0.0,0,1.6165919764861727,0.0,32.7,Medium
V0074,White LLC,Facilities,Russia,99400.59,0,45.0,70.0,134792.81,0.15519018713189295,0.0,1,11.241521497055144,0.0,32.6,Medium
V0196,"Villarreal, James and Stewart",Professional Services,Vietnam,43954.26,0,35.0,40.0,68422.42,0.07877636918331901,0.0,2,20.630210953466552,35.0,32.4,Medium
V0022,Carlson-Mcdonald,Raw Materials,Russia,62887.91,0,28.0,70.0,185137.98,0.21315378588383652,2.0,2,33.70523028707069,0.0,32.2,Medium
V0014,"Watts, Robinson and Nguyen",Facilities,Brazil,90026.13,0,35.0,30.0,96594.82,0.1112119273407203,0.0,1,10.889695418725763,55.5,32.1,Medium
V0248,Blair-Edwards,IT Services,Germany,27017.28,0,85.0,10.0,134809.11,0.15520895371187782,0.0,0,1.2416716296950225,0.0,32.1,Medium
V0360,Humphrey PLC,Marketing,Vietnam,14000.49,0,60.0,40.0,237021.92,0.2728890073525477,0.0,1,12.183112058820381,0.0,32.0,Medium
V0373,"Flores, Travis and Reed",Raw Materials,Germany,23337.16,0,85.0,10.0,29869.71,0.034389711769310057,0.0,0,0.27511769415448045,0.0,31.8,Medium
V0337,"Adams, Miller and Coleman",Professional Services,Mexico,32792.16,0,65.0,35.0,142719.89,0.16431682399486428,1.0,0,7.314534591958914,0.0,31.6,Medium
V0128,Hogan PLC,IT Services,France,76723.41,0,35.0,10.0,535486.28,0.6165181659152386,1.0,2,30.93214532732191,47.5,31.5,Medium
V0419,Gibson-Davidson,Raw Materials,United States,187836.65,0,65.0,10.0,51986.25,0.05985301341952416,1.0,2,26.478824107356193,0.0,31.4,Medium
V0260,"Moreno, Bennett and Chavez",Manufacturing,Mexico,20573.43,0,65.0,35.0,57905.299999999996,0.06666775730047027,1.0,0,6.533342058403762,0.0,31.4,Medium
V0489,"Clayton, Miller and Frey",Professional Services,South Africa,108550.34,0,60.0,35.0,134876.13,0.15528611544136162,2.0,0,13.242288923530893,0.0,31.3,Medium
V0204,Stevens-Estrada,Raw Materials,Singapore,260314.15,0,75.0,15.0,78068.64,0.0898822930594917,1.0,0,6.7190583444759335,2.0,31.3,Medium
V0409,"Horton, Taylor and Gilbert",Professional Services,Russia,73177.4,0,25.0,70.0,203949.02,0.23481138629846934,1.0,3,32.878491090387755,0.0,31.0,Medium
V0284,"Brown, Romero and Collins",Software Licensing,Russia,7905.09,0,33.0,70.0,219830.63,0.25309626386616557,1.0,1,18.024770110929325,4.0,30.9,Medium
V0069,Davenport PLC,Marketing,UAE,20007.54,0,35.0,30.0,62996.350000000006,0.07252920497114221,1.0,0,6.580233639769138,55.0,30.9,Medium
V0194,Pitts-Booker,Facilities,China,102587.32,0,60.0,40.0,148572.93,0.17105556898349128,1.0,0,7.36844455186793,0.0,30.8,Medium
V0399,"Taylor, Clark and Nguyen",Facilities,Russia,50888.85,0,33.0,70.0,110275.88,0.12696325904426337,0.0,2,21.015706072354106,0.0,30.8,Medium
V0157,"Oliver, Lynch and Singh",Software Licensing,Russia,25421.31,0,33.0,70.0,125908.51000000001,0.14496147998100062,0.0,2,21.159691839848005,0.0,30.8,Medium
V0187,"Adams, Smith and Barber",Raw Materials,Nigeria,60930.41,0,40.0,60.0,139368.83000000002,0.16045866844123943,0.0,1,11.283669347529916,10.0,30.8,Medium
V0026,"Lynch, Hernandez and Farmer",Raw Materials,Russia,116129.22,0,45.0,70.0,351599.31,0.4048046977753817,0.0,0,3.2384375822030536,0.0,30.6,Medium
V0073,"Moore, Spears and Hancock",IT Services,France,53972.26,0,73.0,10.0,143906.44,0.1656829273986092,0.0,1,11.325463419188873,0.0,30.4,Medium
V0297,"Bennett, Conner and Li",Logistics,United Kingdom,6845.27,0,45.0,10.0,51187.09,0.05893292139126001,1.0,0,6.47146337113008,55.0,30.4,Medium
V0415,"Hall, Rodgers and Jefferson",Logistics,United Kingdom,45252.83,0,45.0,10.0,108050.44,0.12440105672760567,2.0,0,12.995208453820846,46.0,30.2,Medium
V0275,Graham Group,Facilities,Russia,49460.79,0,33.0,70.0,64559.9,0.07432935749478252,3.0,0,18.59463485995826,0.0,30.2,Medium
V0065,Whitehead-Mathis,Professional Services,Mexico,1090.47,0,65.0,35.0,140288.95,0.16151802461152623,0.0,0,1.2921441968922098,0.0,30.1,Medium
V0192,Martinez PLC,Facilities,South Africa,20434.86,0,65.0,35.0,103280.0,0.11890873502067288,0.0,0,0.951269880165383,0.0,30.0,Medium
V0092,Ramos-Lewis,Marketing,France,32433.8,0,60.0,10.0,98624.08,0.11354826292968284,1.0,0,6.908386103437463,26.0,29.9,Medium
V0020,"Snyder, Campos and Callahan",Facilities,Singapore,16674.07,0,75.0,15.0,188538.28999999998,0.21706864414078988,0.0,0,1.736549153126319,0.0,29.7,Medium
V0085,"Ball, Harmon and Lambert",Logistics,South Africa,14389.71,0,60.0,35.0,70695.82,0.08139378899544139,1.0,0,6.651150311963531,0.0,29.7,Medium
V0347,"Richardson, Edwards and Ramirez",Marketing,China,7348.46,0,60.0,40.0,25918.45,0.029840531595628963,0.0,0,0.2387242527650317,0.0,29.1,Medium
V0174,"Simpson, Bates and Morales",Software Licensing,United Kingdom,25242.07,0,65.0,10.0,94671.26000000001,0.10899728669067806,1.0,1,16.871978293525423,0.0,29.0,Medium
V0400,"Bennett, Frye and Stevens",Facilities,Germany,108135.66,0,60.0,10.0,174473.08,0.20087503135128448,0.0,2,21.607000250810277,2.0,28.8,Medium
V0472,Wood Group,Facilities,Germany,27258.13,0,75.0,10.0,148358.82,0.1708090590178128,0.0,0,1.3664724721425023,0.0,28.6,Medium
V0125,Rodriguez-Johnson,Marketing,South Africa,90133.41,0,20.0,35.0,134654.15,0.1550305445563898,0.0,0,1.2402443564511183,71.5,28.6,Medium
V0363,Meza-Stone,Professional Services,Singapore,116671.69,0,65.0,15.0,130743.86,0.15052853412393447,0.0,1,11.204228272991475,0.0,28.6,Medium
V0052,Yu Inc,Manufacturing,United States,21690.23,0,75.0,10.0,134930.62,0.15534885108205948,0.0,0,1.2427908086564758,0.0,28.6,Medium
V0053,"Jones, Hensley and Powell",Logistics,Mexico,414138.66,1,33.0,35.0,374405.88,0.43106244747387534,0.0,2,23.448499579791005,20.0,28.4,Medium
V0378,Jimenez PLC,Raw Materials,Russia,24372.3,0,25.0,70.0,24791.32,0.028542839859534354,1.0,0,6.2283427188762746,20.0,28.3,Medium
V0132,"Nelson, Morton and Medina",Logistics,France,85075.84,0,55.0,10.0,234921.69,0.27047096230459583,1.0,2,28.163767698436764,0.0,28.3,Medium
V0303,"Wise, Lamb and Martin",Software Licensing,France,12044.14,0,60.0,10.0,504177.69999999995,0.5804718486893135,0.0,0,4.643774789514508,20.0,28.2,Medium
V0087,"Mccullough, Hunter and Estrada",Professional Services,UAE,25170.32,0,35.0,30.0,189583.30000000002,0.21827178915612638,0.0,1,11.74617431324901,35.0,28.2,Medium
V0241,"Turner, Schneider and Johnson",Manufacturing,Nigeria,10257.09,0,45.0,60.0,95656.61,0.11013174372062208,0.0,0,0.8810539497649766,0.0,28.0,Medium
V0291,"Mills, Moore and Watson",Manufacturing,Pakistan,12093.27,0,28.0,55.00000000000001,253408.21,0.291754935078941,1.0,1,18.334039480631528,13.0,28.0,Medium
V0313,Sanders LLC,Marketing,United Kingdom,38110.44,0,65.0,10.0,239778.58,0.2760628159648839,0.0,1,12.208502527719071,0.0,27.8,Medium
V0320,Copeland Group,Raw Materials,Germany,23825.28,0,73.0,10.0,89213.47,0.10271360248358588,0.0,0,0.821708819868687,0.0,27.8,Medium
V0374,Robertson-Rodriguez,Facilities,United States,23069.05,0,65.0,10.0,159891.61000000002,0.18408703607202528,0.0,1,11.472696288576202,0.0,27.6,Medium
V0110,"Smith, Gilmore and Johnston",Software Licensing,Brazil,27704.85,0,60.0,30.0,162626.06,0.18723527377997723,0.0,0,1.4978821902398178,0.0,27.4,Medium
V0371,Jones-Brown,Raw Materials,India,197172.99,0,45.0,20.0,296526.31,0.3413978352289688,3.0,1,30.73118268183175,0.0,27.4,Medium
V0207,Castaneda-Rodriguez,Software Licensing,United Kingdom,15949.12,0,60.0,10.0,77818.6,0.08959441602517171,1.0,1,16.716755328201373,0.0,27.2,Medium
V0314,Brooks Inc,Logistics,China,98068.46,0,33.0,40.0,43430.78,0.050002896115038144,1.0,0,6.400023168920305,30.0,27.2,Medium
V0412,"Townsend, Smith and Pierce",Marketing,France,52898.15,0,45.0,10.0,294167.57,0.33868216143304847,5.0,1,37.70945729146439,0.0,27.2,Medium
V0160,Hayes-Wheeler,Professional Services,Russia,10697.89,0,30.0,70.0,23535.63,0.02709713391958365,0.0,1,10.216777071356669,0.0,27.1,Medium
V0404,"Bush, Stewart and Bailey",Manufacturing,Germany,56547.76,0,60.0,10.0,132562.81,0.1526227347781352,2.0,0,13.220981878225082,4.0,27.1,Medium
V0296,"Hale, Myers and Larson",Raw Materials,Nigeria,51827.94,0,25.0,60.0,306779.19,0.3532022212777562,2.0,1,24.82561777022205,0.0,27.0,Medium
V0499,"Mccann, Brown and Kim",Marketing,Vietnam,1553.64,0,33.0,40.0,125380.44,0.14435350035568723,0.0,0,1.1548280028454978,35.0,26.8,Medium
V0091,Jordan PLC,Software Licensing,UAE,106870.5,0,30.0,30.0,100550.99,0.11576676051487539,2.0,0,12.926134084119003,35.0,26.7,Medium
V0238,Baker and Sons,Logistics,Vietnam,40072.62,0,35.0,40.0,303104.9,0.34897192329170756,2.0,0,14.791775386333661,13.0,26.5,Medium
V0479,Combs Inc,Professional Services,United Kingdom,197130.02,0,65.0,10.0,60146.46,0.06924805842923605,1.0,0,6.553984467433889,0.0,26.4,Medium
V0384,"Lee, Tran and Jones",Raw Materials,United States,107337.18,0,60.0,10.0,193980.08000000002,0.2233339071650748,2.0,0,13.786671257320599,0.0,26.4,Medium
V0134,Rivas Inc,Logistics,United Kingdom,47146.15,0,60.0,10.0,125775.72,0.14480859567693982,2.0,0,13.158468765415519,0.0,26.3,Medium
V0309,Davidson LLC,Manufacturing,France,13172.57,0,60.0,10.0,130031.66,0.14970856122422763,0.0,1,11.197668489793822,2.0,26.2,Medium
V0351,Roach Group,Manufacturing,Nigeria,81282.66,0,28.0,60.0,171285.1,0.19720463370342234,1.0,1,17.57763706962738,0.0,26.2,Medium
V0031,Keller PLC,Facilities,South Africa,17891.49,0,25.0,35.0,480392.51,0.5530873903708942,1.0,1,20.424699122967155,26.0,26.1,Medium
V0236,Lindsey-Rodriguez,Professional Services,Russia,24856.31,0,33.0,70.0,175007.13,0.20148989589367206,0.0,0,1.6119191671493764,0.0,26.0,Medium
V0166,"Torres, Powell and Nelson",IT Services,United States,4232.58,0,60.0,10.0,238369.01,0.2744399442992847,0.0,1,12.195519554394277,0.0,26.0,Medium
V0421,Rivera Ltd,Software Licensing,India,459626.31,1,25.0,20.0,143533.44,0.16525348357441566,2.0,1,23.322027868595328,37.0,26.0,Medium
V0228,"Russell, Lynn and Johnson",IT Services,Russia,56522.01,0,33.0,70.0,187517.29,0.2158931424129035,0.0,0,1.727145139303228,0.0,26.0,Medium
V0113,Graham-Johnson,IT Services,Pakistan,57986.31,0,35.0,55.00000000000001,64434.75,0.07418526930551221,0.0,0,0.5934821544440977,13.0,26.0,Medium
V0217,"Harrell, Brock and Mcdonald",Logistics,Brazil,93586.06,0,33.0,30.0,191342.55,0.22029725577197762,1.0,1,17.76237804617582,20.0,26.0,Medium
V0456,Walter-Odom,Professional Services,Nigeria,304355.36,0,35.0,60.0,65947.38,0.07592679641486853,1.0,0,6.607414371318948,0.0,25.9,Medium
V0010,Wyatt Inc,Marketing,India,305211.88,0,60.0,20.0,365745.05,0.4210910266806037,0.0,0,3.3687282134448298,0.0,25.8,Medium
V0023,Frazier Inc,Logistics,Russia,26141.98,0,33.0,70.0,46116.2,0.05309468441092519,0.0,0,0.42475747528740154,0.0,25.7,Medium
V0030,Dennis Inc,Marketing,Singapore,81409.89,0,60.0,15.0,56375.380000000005,0.0649063238004429,1.0,0,6.519250590403543,0.0,25.6,Medium
V0184,"Hill, Davenport and Baird",Marketing,Germany,58563.84,0,55.0,10.0,153231.39,0.176418965437252,1.0,1,17.411351723498015,0.0,25.6,Medium
V0138,"Haynes, Hill and Smith",Raw Materials,France,69115.07,0,45.0,10.0,166680.32,0.1919030403179799,1.0,0,7.535224322543839,30.0,25.6,Medium
V0084,"Lee, Williams and Graham",Logistics,Vietnam,42738.95,0,45.0,40.0,146139.72999999998,0.16825416760808168,1.0,0,7.346033340864653,0.0,25.6,Medium
V0107,Taylor and Sons,IT Services,Vietnam,12554.76,0,30.0,40.0,36675.05,0.042224862532144934,0.0,0,0.3377989002571595,35.0,25.6,Medium
V0167,Miller-Williams,Professional Services,Singapore,14167.23,0,45.0,15.0,483126.83,0.5562354784067358,1.0,0,10.449883827253887,20.0,25.4,Medium
V0367,Bryan Inc,Marketing,UAE,43651.92,0,35.0,30.0,149634.77,0.1722780907804931,0.0,0,1.3782247262439449,34.0,25.4,Medium
V0123,Lyons-Wang,Raw Materials,China,74046.82,0,33.0,40.0,212124.88,0.24422444952761457,0.0,1,11.953795596220917,14.0,25.3,Medium
V0269,James Ltd,IT Services,France,188695.67,0,65.0,10.0,173745.72,0.2000376043808678,0.0,0,1.6003008350469423,0.0,25.2,Medium
V0243,Morris and Sons,Raw Materials,Pakistan,470526.86,0,33.0,55.00000000000001,303448.33,0.34936732246742547,0.0,0,2.7949385797394037,10.0,25.2,Medium
V0350,Martinez Inc,Software Licensing,United Kingdom,6274.13,0,65.0,10.0,173365.9,0.19960030852750263,0.0,0,1.596802468220021,0.0,25.1,Medium
V0397,Alexander Group,Facilities,Singapore,2136.41,0,40.0,15.0,39347.700000000004,0.04530194842150398,1.0,1,16.362415587372034,20.0,25.1,Medium
V0469,Arnold LLC,Facilities,United Kingdom,13668.01,0,60.0,10.0,266392.96,0.30670458841995263,1.0,0,8.453636707359621,0.0,25.1,Medium
V0484,"Bowen, Nichols and Mitchell",Marketing,France,16460.82,0,65.0,10.0,117725.96,0.13554071439479412,0.0,0,1.084325715158353,0.0,25.0,Medium
V0323,Lopez-Barnett,Professional Services,United States,20327.7,0,65.0,10.0,115728.33,0.1332407951815936,0.0,0,1.0659263614527488,0.0,25.0,Medium
V0012,Santiago Ltd,IT Services,France,37174.19,0,45.0,10.0,210756.62,0.24264913905337576,0.0,3,26.941193112427005,2.0,24.9,Medium
V0057,Hickman-Walls,Marketing,Brazil,67651.88,0,45.0,30.0,238582.72,0.274685993735393,0.0,1,12.197487949883143,0.0,24.8,Medium
V0077,Hoover-Savage,Software Licensing,United Kingdom,43190.19,0,60.0,10.0,78921.08,0.09086372762650392,1.0,0,6.726909821012032,0.0,24.7,Medium
V0389,"Bryant, Obrien and Robertson",Marketing,France,242587.09,0,60.0,10.0,59111.16,0.06805609276921572,1.0,0,6.544448742153726,0.0,24.6,Medium
V0410,Williams PLC,Raw Materials,Russia,72881.93,0,30.0,70.0,55144.53999999999,0.06348922826003965,0.0,0,0.5079138260803172,0.0,24.6,Medium
V0411,"Hall, Garcia and Rivera",IT Services,China,48036.93,0,20.0,40.0,156415.15,0.18008450449814872,2.0,3,38.44067603598519,0.0,24.6,Medium
V0237,Howard and Sons,Manufacturing,Russia,44689.69,0,25.0,70.0,87618.2,0.1008769299650302,1.0,0,6.807015439720241,0.0,24.5,Medium
V0121,Gonzalez Inc,IT Services,Singapore,52933.65,0,45.0,15.0,110156.20999999999,0.12682548011010453,2.0,1,23.014603840880838,0.0,24.5,Medium
V0170,Hines and Sons,Facilities,Brazil,79204.25,0,35.0,30.0,55584.99,0.06399632888300495,0.0,0,0.5119706310640396,30.0,24.4,Medium
V0141,Davis and Sons,Facilities,Nigeria,73895.45,0,35.0,60.0,39081.72,0.044995719283812276,0.0,0,0.3599657542704982,0.0,24.3,Medium
V0063,Nelson PLC,Marketing,China,25796.37,0,33.0,40.0,318984.94,0.3672549932808408,1.0,1,18.938039946246725,0.0,24.3,Medium
V0461,Mathews-Thomas,IT Services,Russia,328547.26,1,25.0,70.0,32306.49,0.037195234884372756,0.0,0,0.29756187907498205,7.0,24.2,Medium
V0353,Joseph Ltd,Raw Materials,France,32710.38,0,55.0,10.0,198478.53,0.22851308027752393,0.0,1,11.828104642220191,0.0,24.2,Medium
V0066,"Henderson, Hill and Smith",Facilities,Germany,234832.09,1,55.0,10.0,166118.37,0.19125605383807218,0.0,0,1.5300484307045774,13.0,24.2,Medium
V0357,Jones Group,Marketing,Singapore,29516.5,0,35.0,15.0,129969.66,0.14963717914084962,1.0,0,7.197097433126797,35.0,24.0,Medium
V0449,Pineda Ltd,Manufacturing,UAE,79245.21,0,35.0,30.0,123954.05,0.14271126342166185,1.0,0,7.141690107373295,20.0,24.0,Medium
V0244,Weber-Richards,Professional Services,France,121169.89,0,60.0,10.0,402961.12,0.46393877848289666,0.0,0,3.7115102278631733,0.0,23.9,Medium
V0019,"Richards, Hurst and Ross",Manufacturing,UAE,14363.19,0,45.0,30.0,931570.0599999999,1.0725388983126678,0.0,0,8.580311186501342,0.0,23.9,Medium
V0271,Smith-Morse,Manufacturing,India,142198.18,0,40.0,20.0,145000.31,0.1669423261009433,2.0,1,23.335538608807546,0.0,23.8,Medium
V0316,"Guerra, Blake and Harrison",Facilities,Nigeria,1076.23,0,33.0,60.0,76280.9,0.0878240252250043,0.0,0,0.7025922018000345,0.0,23.7,Medium
V0178,"Avila, Garrett and Wolf",IT Services,India,39415.45,0,45.0,20.0,399233.17000000004,0.4596467004550082,2.0,0,15.677173603640066,0.0,23.7,Medium
V0006,Davis Inc,Logistics,Nigeria,15460.37,0,20.0,60.0,100488.95999999999,0.11569534389177959,1.0,1,16.925562751134237,2.0,23.6,Medium
V0154,Mcknight Inc,Professional Services,United Kingdom,11041.68,0,45.0,10.0,169177.62,0.19477824155701093,2.0,1,23.55822593245609,0.0,23.6,Medium
V0302,Harper and Sons,Marketing,China,35352.7,0,33.0,40.0,267174.73,0.30760465892515315,2.0,0,14.460837271401225,2.0,23.6,Medium
V0490,Gray-Tran,Logistics,Singapore,374960.43,0,33.0,15.0,448186.21,0.5160075066306123,2.0,2,36.1280600530449,0.0,23.6,Medium
V0442,Ortiz-Mack,Marketing,UAE,88609.63,0,45.0,30.0,158630.71,0.18263533173442295,1.0,0,7.461082653875383,0.0,23.6,Medium
V0273,Wilson-Smith,Marketing,Brazil,15218.98,0,30.0,30.0,192289.44,0.2213874328837488,0.0,1,11.77109946306999,20.0,23.4,Medium
V0327,Quinn Ltd,Marketing,Brazil,234294.06,1,45.0,30.0,76224.59,0.0877591941747621,1.0,0,6.702073553398097,0.0,23.4,Medium
V0402,Lee-Wright,Manufacturing,Mexico,28049.04,0,35.0,35.0,68160.29,0.0784745726427403,0.0,0,0.6277965811419224,20.0,23.4,Medium
V0414,Mitchell-Brown,IT Services,UAE,36746.02,0,45.0,30.0,57903.01,0.06666512076868099,1.0,0,6.533320966149448,0.0,23.4,Medium
V0466,"Ramsey, Hansen and Mendoza",Logistics,Mexico,90744.12,0,35.0,35.0,80748.94,0.09296818657688045,1.0,1,16.743745492615044,0.0,23.4,Medium
V0135,Christensen PLC,Marketing,France,31569.93,0,60.0,10.0,177570.94,0.20444167168698493,0.0,0,1.6355333734958795,0.0,23.4,Medium
V0079,Rasmussen LLC,Facilities,Germany,339769.21,1,60.0,10.0,121269.96,0.13962100638659566,0.0,0,1.1169680510927653,0.0,23.3,Medium
V0358,Hammond-Morrow,Software Licensing,France,2826.28,0,60.0,10.0,142241.09,0.16376557009935788,0.0,0,1.310124560794863,0.0,23.3,Medium
V0406,Blevins-Ballard,Logistics,Russia,33626.86,0,25.0,70.0,184269.24,0.2121535847368394,0.0,0,1.6972286778947152,0.0,23.2,Medium
V0050,Phillips Inc,Facilities,Russia,169828.53,0,25.0,70.0,187361.38,0.2157136394996863,0.0,0,1.7257091159974904,0.0,23.2,Medium
V0246,"Curtis, Mack and Le",Software Licensing,France,25603.78,0,60.0,10.0,72285.05,0.08322350751748732,0.0,0,0.6657880601398986,0.0,23.2,Medium
V0038,Cummings PLC,IT Services,United States,59911.9,0,60.0,10.0,41161.74,0.04739049607523074,0.0,0,0.37912396860184594,0.0,23.1,Medium
V0285,Wood LLC,Logistics,Pakistan,116158.64,0,33.0,55.00000000000001,222577.9,0.2562592615468418,0.0,0,2.0500740923747345,0.0,23.1,Medium
V0163,Stephens Ltd,Professional Services,United States,126598.82,0,60.0,10.0,31760.29,0.03656638175629093,0.0,0,0.2925310540503274,0.0,23.1,Medium
V0391,Romero-Hicks,IT Services,Vietnam,13606.33,0,25.0,40.0,118697.31999999999,0.13665906440302106,0.0,0,1.0932725152241685,30.0,23.0,Medium
V0109,Clark Group,Manufacturing,Nigeria,53931.66,0,25.0,60.0,113253.01,0.13039090004244397,0.0,0,1.0431272003395518,10.0,23.0,Medium
V0118,King-Miller,Raw Materials,Pakistan,668212.3,1,25.0,55.00000000000001,168499.56999999998,0.19399758636935824,1.0,0,7.551980690954866,7.0,23.0,Medium
V0322,Patterson-Mendez,Manufacturing,China,57771.22,0,33.0,40.0,132612.27,0.15267967925948805,2.0,0,13.221437434075904,0.0,22.9,Medium
V0253,Burke-Bell,Professional Services,France,2727853.63,0,33.0,10.0,309985.21,0.3568933888092335,4.0,1,36.855147110473865,0.0,22.8,Medium
V0405,Berry PLC,Logistics,Mexico,17044.36,0,35.0,35.0,100798.45,0.11605166713346769,0.0,1,10.928413337067742,4.0,22.8,Medium
V0334,Glenn LLC,Logistics,United States,93039.75,0,45.0,10.0,459939.43000000005,0.5295392700177123,1.0,1,20.2363141601417,0.0,22.8,Medium
V0054,"Wheeler, Harvey and Barnes",Logistics,Germany,171315.42,0,35.0,10.0,1815350.3599999999,2.090056302545731,1.0,1,32.72045042036585,2.0,22.8,Medium
V0368,"Wise, Baker and Clark",Marketing,South Africa,6295.28,0,35.0,35.0,168181.33,0.19363118904332244,2.0,0,13.54904951234658,0.0,22.6,Medium
V0193,Garcia-Lozano,Logistics,Vietnam,35512.2,0,33.0,40.0,62456.3,0.0719074324852019,0.0,1,10.575259459881615,2.0,22.6,Medium
V0048,House-Glover,Raw Materials,Brazil,42199.17,0,25.0,30.0,352918.83,0.40632389272149394,3.0,1,31.250591141771952,0.0,22.6,Medium
V0071,Nolan and Sons,Facilities,South Africa,8020.57,0,25.0,35.0,119924.32,0.13807173885955057,1.0,2,27.104573910876404,0.0,22.5,Medium
V0398,"Harris, Shaw and Carr",Manufacturing,UAE,154716.94,0,33.0,30.0,53470.64,0.06156202714122572,1.0,1,16.492496217129805,4.0,22.5,Medium
V0096,Carr-Mack,IT Services,China,18199.93,0,28.0,40.0,256618.81999999998,0.2954513871872361,0.0,0,2.363611097497889,20.0,22.4,Medium
V0325,"Smith, Marks and Williams",Raw Materials,France,48723.29,0,45.0,10.0,75714.01,0.08717135120490488,1.0,0,6.697370809639239,15.0,22.4,Medium
V0401,"Gomez, Ingram and Le",Professional Services,Germany,70065.13,0,45.0,10.0,230515.95,0.2653985284332754,1.0,1,18.1231882274662,0.0,22.3,Medium
V0131,Zimmerman-Graham,Software Licensing,Mexico,50511.42,0,35.0,35.0,249127.57,0.28682653183069456,0.0,1,12.294612254645557,0.0,22.3,Medium
V0369,"Fowler, Jimenez and Burton",Marketing,Mexico,147368.26,0,33.0,35.0,120093.03,0.13826597871901353,2.0,0,13.106127829752108,2.0,22.2,Medium
V0436,"Aguilar, Davis and Dixon",Software Licensing,France,77566.24,0,25.0,10.0,163069.84,0.1877462083116143,1.0,1,17.501969666492915,35.0,22.1,Medium
V0067,Martin-Ramos,Raw Materials,United States,7805.3,0,33.0,10.0,253717.08000000002,0.29211054449979534,1.0,1,18.336884355998365,20.0,22.1,Medium
V0444,Vega Ltd,Facilities,Singapore,52576.15,0,35.0,15.0,180437.69,0.2077422295502742,0.0,2,21.661937836402192,7.0,22.1,Medium
V0428,"Wilson, Parker and Sullivan",IT Services,Vietnam,8380.99,0,35.0,40.0,146966.13999999998,0.16920563321331442,1.0,0,7.353645065706515,0.0,22.1,Medium
V0223,"Walker, Brown and Colon",Raw Materials,United Kingdom,51985.54,0,45.0,10.0,70811.09,0.08152650210432821,1.0,1,16.652212016834625,0.0,21.9,Medium
V0088,Terry-Spencer,Facilities,France,12381.21,0,55.0,10.0,277376.65,0.3193503735066995,0.0,0,2.554802988053596,0.0,21.9,Medium
V0201,Sanchez Group,Facilities,South Africa,7910.41,0,35.0,35.0,49619.71,0.057128359296985204,0.0,1,10.457026874375881,0.0,21.9,Medium
V0103,Manning Group,Software Licensing,Vietnam,23945.05,0,35.0,40.0,79289.13,0.0912874723972665,1.0,0,6.730299779178132,0.0,21.9,Medium
V0495,"Barrett, White and Jefferson",Facilities,China,58714.43,0,35.0,40.0,75163.54,0.08653758192366137,1.0,0,6.692300655389291,0.0,21.9,Medium
V0025,"Gill, Romero and Rodriguez",Software Licensing,China,92299.1,0,35.0,40.0,62843.35,0.07235305241054805,1.0,0,6.578824419284384,0.0,21.9,Medium
V0340,"Wallace, West and Acosta",Software Licensing,United States,22877.34,0,25.0,10.0,83506.88,0.09614346888384129,0.0,0,0.7691477510707303,55.0,21.9,Medium
V0076,Walker-Velasquez,Manufacturing,UAE,11317.06,0,35.0,30.0,470392.01,0.5415735754544124,0.0,1,14.3325886036353,0.0,21.8,Medium
V0435,"Hernandez, Murphy and Meyer",Manufacturing,France,26310.87,0,33.0,10.0,68940.75,0.07937313491359851,1.0,1,16.634985079308787,20.0,21.7,Medium
V0443,West-Stark,Raw Materials,Brazil,32165.6,0,35.0,30.0,352736.33,0.40611377610509897,0.0,1,13.248910208840792,0.0,21.6,Medium
V0083,"Hartman, Graham and Joyce",Manufacturing,United States,45335.07,0,45.0,10.0,68770.69,0.07917734076683616,1.0,0,6.633418726134689,11.0,21.6,Medium
V0254,"Lewis, Douglas and Walker",Manufacturing,Germany,30392.22,0,30.0,10.0,273942.13,0.31539612845825643,1.0,0,8.523169027666052,35.0,21.6,Medium
V0377,Li PLC,Raw Materials,India,33974.32,0,45.0,20.0,168277.91,0.1937423839080426,1.0,0,7.54993907126434,0.0,21.6,Medium
V0476,"Harding, Morgan and Hines",Raw Materials,France,301477.77,1,35.0,10.0,111176.87,0.12800059038785624,3.0,1,29.02400472310285,0.0,21.5,Medium
V0439,Scott-Smith,Marketing,Singapore,88808.63,0,35.0,15.0,528246.0599999999,0.6081823274037031,0.0,2,24.865458619229624,0.0,21.5,Medium
V0041,Owens-Daniel,Raw Materials,Pakistan,80018.57,0,25.0,55.00000000000001,108105.72,0.12446470191420464,1.0,0,6.995717615313637,0.0,21.5,Medium
V0137,Lewis-Salinas,Marketing,UAE,7131.92,0,28.0,30.0,70637.33,0.0813264480590417,2.0,1,22.650611584472333,0.0,21.5,Medium
V0102,"Briggs, Mcclain and Simmons",Raw Materials,Pakistan,411236.84,1,25.0,55.00000000000001,110681.87,0.12743068504475757,1.0,0,7.01944548035806,0.0,21.5,Medium
V0199,"Brennan, Wallace and Benson",IT Services,France,6747.8,0,35.0,10.0,111048.94,0.12785330151807323,3.0,1,29.022826412144585,0.0,21.5,Medium
V0214,Browning LLC,Software Licensing,Pakistan,37544.19,0,25.0,55.00000000000001,72523.25,0.08349775287652997,1.0,0,6.6679820230122395,0.0,21.4,Medium
V0332,Robertson-Hays,Software Licensing,China,7102.32,0,33.0,40.0,134037.09,0.15432010861495046,1.0,0,7.234560868919604,0.0,21.4,Medium
V0393,Silva-Robles,IT Services,UAE,51261.04,0,25.0,30.0,27328.129999999997,0.03146352990686,0.0,1,10.25170823925488,20.0,21.3,Medium
V0298,"Santiago, Romero and Smith",Software Licensing,Nigeria,16941.68,0,25.0,60.0,240167.86,0.2765110033425838,0.0,0,2.2120880267406706,0.0,21.3,Medium
V0276,Foster LLC,Professional Services,Vietnam,2503.36,0,30.0,40.0,122147.77,0.14063165004159658,0.0,1,11.125053200332772,0.0,21.3,Medium
V0080,"Ross, Zavala and Herrera",Professional Services,France,53813.65,0,33.0,10.0,286732.47,0.3301219529149209,3.0,1,30.640975623319367,0.0,21.2,Medium
V0075,Moore-Haynes,Manufacturing,Nigeria,94815.81,0,25.0,60.0,199618.53,0.22982558955253912,0.0,0,1.838604716420313,0.0,21.2,Medium
V0143,"Cooper, Barajas and Pierce",Software Licensing,Mexico,40496.85,0,28.0,35.0,411941.37,0.4742779551644361,1.0,0,9.794223641315488,10.0,21.2,Medium
V0446,"Long, Anderson and Irwin",Facilities,UAE,1413198.12,1,35.0,30.0,256228.53,0.29500203697237154,1.0,0,8.360016295778973,4.0,21.1,Medium
V0265,Rodriguez-Gregory,Facilities,Brazil,13780.26,0,33.0,30.0,129403.16,0.1489849541370811,0.0,1,11.191879633096649,4.0,21.1,Medium
V0272,Berry-Mckinney,Logistics,Nigeria,13422.0,0,25.0,60.0,170334.42,0.1961100930739737,0.0,0,1.5688807445917896,0.0,21.1,Medium
V0225,Wilson-Young,Facilities,South Africa,99058.49,0,25.0,35.0,113278.67000000001,0.1304204430143711,0.0,2,21.043363544114968,0.0,21.0,Medium
V0021,"Moore, Becker and Carlson",Software Licensing,UAE,349506.79,0,30.0,30.0,204541.27000000002,0.23549325789331824,0.0,0,1.883946063146546,20.0,21.0,Medium
V0007,"Baker, Williams and Stevens",Marketing,France,58478.36,0,45.0,10.0,271274.01,0.31232425806627967,0.0,1,12.498594064530238,0.0,20.9,Medium
V0324,Ashley PLC,IT Services,Germany,64111.55,0,45.0,10.0,99418.69,0.11446311643408617,1.0,0,6.915704931472689,7.0,20.9,Medium
V0259,Jones-Figueroa,Manufacturing,Vietnam,23417.25,0,25.0,40.0,231002.21000000002,0.2659583712052656,1.0,0,8.127666969642124,10.0,20.8,Medium
V0280,Gonzalez-Morrison,Professional Services,Nigeria,17954.09,0,25.0,60.0,39815.92,0.04584102130987906,0.0,0,0.3667281704790325,0.0,20.8,Medium
V0024,"Peterson, Carter and Moore",Logistics,Germany,9763.64,0,33.0,10.0,154908.85,0.17835026526924053,1.0,0,7.426802122153925,27.0,20.8,Medium
V0090,Kelley-Smith,IT Services,Singapore,589390.7,1,45.0,15.0,38443.16,0.044260529877975706,0.0,0,0.35408423902380565,10.0,20.8,Medium
V0208,"Howard, Phillips and Lyons",Manufacturing,Brazil,270429.43,0,30.0,30.0,127811.06,0.1471519313153691,0.0,0,1.1772154505229528,20.0,20.8,Medium
V0361,Shaw-Oneill,Manufacturing,France,50246.2,0,45.0,10.0,184138.12999999998,0.2120026346569734,0.0,1,11.696021077255788,0.0,20.7,Medium
V0283,Jones-Ramos,Manufacturing,France,10997.62,0,45.0,10.0,189462.69999999998,0.21813293949071688,0.0,1,11.745063515925736,0.0,20.7,Medium
V0292,Schroeder-Shelton,Logistics,China,25477.27,0,35.0,40.0,142896.48,0.16452013628685982,0.0,0,1.3161610902948786,0.0,20.6,Medium
V0294,Cummings-Douglas,IT Services,China,32412.89,0,25.0,40.0,586782.0800000001,0.6755762477304346,0.0,0,5.4046099818434765,12.0,20.5,Medium
V0308,"Rose, Burch and Montoya",Marketing,China,81274.83,0,35.0,40.0,96069.24,0.1106068145119813,0.0,0,0.8848545160958504,0.0,20.5,Medium
V0287,Carpenter-Best,Facilities,Vietnam,56848.48,0,30.0,40.0,160328.49,0.1845900264685767,1.0,0,7.476720211748614,0.0,20.4,Medium
V0264,"Ramos, Nelson and Fischer",Facilities,India,29700.07,0,35.0,20.0,32799.869999999995,0.03776327508271221,1.0,1,16.302106200661697,0.0,20.3,Medium
V0140,Vaughn Ltd,Facilities,Singapore,122749.3,0,30.0,15.0,144887.14,0.16681203077229992,1.0,2,27.3344962461784,0.0,20.3,Medium
V0342,"Walsh, Cox and Owen",IT Services,Pakistan,97638.5,0,25.0,55.00000000000001,221163.33000000002,0.2546306332616154,0.0,0,2.037045066092923,0.0,20.3,Medium
V0266,"Parker, Walker and Joyce",Manufacturing,France,241198.11,1,35.0,10.0,70762.61,0.08147068592042232,2.0,1,22.651765487363377,2.0,20.3,Medium
V0220,Richardson-Curry,Marketing,Pakistan,29951.01,0,25.0,55.00000000000001,220879.16000000003,0.25430346154171973,0.0,0,2.034427692333758,0.0,20.3,Medium
V0015,Trujillo Group,Manufacturing,China,10456.78,0,35.0,40.0,28830.6,0.03319335956513372,0.0,0,0.2655468765210698,0.0,20.3,Medium
V0475,James and Sons,Facilities,Vietnam,51719.62,0,30.0,40.0,121518.69,0.1399073751865733,1.0,0,7.119259001492587,0.0,20.3,Medium
V0152,Wilson-Jones,Facilities,United States,28539.18,0,35.0,10.0,174737.52,0.20117948745013098,2.0,1,23.609435899601046,0.0,20.2,Medium
V0468,Dominguez Ltd,Logistics,Mexico,47460.51,0,35.0,35.0,66707.42,0.076801848651169,0.0,0,0.614414789209352,4.0,20.2,Medium
V0101,Contreras-Travis,Manufacturing,China,615.09,0,33.0,40.0,114320.23999999999,0.131619627475404,0.0,0,1.052957019803232,2.0,20.2,Medium
V0162,Mcdaniel LLC,Marketing,Vietnam,56315.11,0,30.0,40.0,79158.68000000001,0.09113728219119131,0.0,0,0.7290982575295305,7.0,20.1,Medium
V0032,"Brennan, Henderson and Lewis",Facilities,China,10834.35,0,25.0,40.0,138890.47,0.15990792112826024,2.0,0,13.279263369026083,0.0,20.1,Medium
V0099,Thompson Ltd,Facilities,South Africa,6753.19,0,35.0,35.0,365849.4,0.42121116733222463,0.0,0,3.369689338657797,0.0,20.1,Medium
V0117,Lewis-Murphy,Software Licensing,United States,97919.94,0,45.0,10.0,331848.12,0.3820646801722352,1.0,0,9.056517441377881,0.0,20.0,Medium
V0011,Reid-Diaz,Raw Materials,Brazil,51205.5,0,35.0,30.0,124309.18000000001,0.14312013308730762,1.0,0,7.144961064698461,0.0,20.0,Medium
V0062,"Garcia, Humphrey and Baker",IT Services,India,335623.98,0,33.0,20.0,210282.76,0.2421035726980611,1.0,1,17.93682858158449,0.0,20.0,Medium
V0027,George Group,IT Services,UAE,15002.28,0,35.0,30.0,94572.01000000001,0.10888301779107695,0.0,0,0.8710641423286156,7.0,19.9,Low
V0059,"Lewis, Baker and Mahoney",IT Services,India,11759.96,0,35.0,20.0,481236.07,0.5540586011814483,0.0,1,14.432468809451587,0.0,19.9,Low
V0189,Gibson-Morris,IT Services,United States,108774.39,0,45.0,10.0,218758.59,0.25186199856512415,1.0,0,8.014895988520994,0.0,19.8,Low
V0480,Taylor-Mccoy,Manufacturing,China,16103.13,0,33.0,40.0,98487.79,0.113391348991883,0.0,0,0.907130791935064,0.0,19.8,Low
V0055,Donovan-Harris,Raw Materials,China,88871.75,0,25.0,40.0,226438.41999999998,0.2607039705875274,0.0,1,12.085631764700219,0.0,19.8,Low
V0056,Foster-Powers,Facilities,France,1210358.28,1,35.0,10.0,31683.52,0.03647799461853398,1.0,0,6.291823956948272,20.0,19.8,Low
V0426,Griffin LLC,Professional Services,Singapore,57800.42,0,28.0,15.0,438767.12,0.5051630829576276,1.0,1,20.04130466366102,10.0,19.8,Low
V0086,Rush LLC,Facilities,United States,8399.1,0,45.0,10.0,207281.86000000002,0.2386485647301725,1.0,0,7.90918851784138,0.0,19.7,Low
V0124,"Stuart, Higgins and Strickland",Software Licensing,Singapore,62452.1,0,35.0,15.0,180863.27000000002,0.20823220998646802,1.0,1,17.665857679891744,0.0,19.7,Low
V0277,Cook and Sons,Professional Services,Mexico,23675.07,0,30.0,35.0,65551.34,0.07547082608743257,0.0,0,0.6037666086994605,10.0,19.7,Low
V0396,"Allen, Armstrong and Graves",Professional Services,UAE,78641.2,0,33.0,30.0,258775.96,0.29793495407978543,1.0,0,8.383479632638284,0.0,19.6,Low
V0427,"Sharp, Smith and Valdez",Raw Materials,United States,59037.6,0,33.0,10.0,66278.56,0.07630809187249969,2.0,1,22.61046473498,2.0,19.6,Low
V0122,Wells Inc,Raw Materials,South Africa,10107.88,0,35.0,35.0,156093.52000000002,0.17971420418400566,0.0,0,1.4377136334720453,0.0,19.6,Low
V0148,White-Smith,Professional Services,Vietnam,35945.46,0,30.0,40.0,141999.6,0.16348753688460052,0.0,0,1.3079002950768042,4.0,19.6,Low
V0385,"Ramirez, Hays and Becker",Logistics,United States,317112.07,1,35.0,10.0,573492.5599999999,0.6602757053966628,1.0,1,21.282205643173302,0.0,19.6,Low
V0017,"Porter, Wilkerson and Day",Professional Services,South Africa,35116.73,0,35.0,35.0,167222.14,0.19252685064726827,0.0,0,1.5402148051781461,0.0,19.6,Low
V0450,"Barnes, Miranda and Stephenson",Raw Materials,Mexico,57039.23,0,35.0,35.0,134714.3,0.15509979669050572,0.0,0,1.2407983735240458,0.0,19.6,Low
V0252,Santiago-Jenkins,Facilities,United Kingdom,24538.6,0,45.0,10.0,114905.01999999999,0.13229289868052976,1.0,0,7.058343189444238,0.0,19.5,Low
V0336,Morgan-Lopez,Manufacturing,United Kingdom,65815.33,0,40.0,10.0,79712.82,0.09177527683124123,0.0,1,10.73420221464993,4.0,19.5,Low
V0286,Gilbert PLC,Software Licensing,South Africa,27079.06,0,33.0,35.0,82696.17,0.09521007906423816,0.0,0,0.7616806325139053,4.0,19.5,Low
V0382,"Smith, Rodriguez and Anderson",Raw Materials,United States,8554.54,0,45.0,10.0,89584.56,0.10314084727908182,1.0,0,6.825126778232654,0.0,19.5,Low
V0359,Day-Cole,IT Services,Brazil,58510.38,0,33.0,30.0,175718.21,0.2023085793105824,1.0,0,7.6184686344846595,0.0,19.5,Low
V0195,Morgan-Schwartz,Manufacturing,France,37131.62,0,45.0,10.0,99688.64,0.11477391632776192,1.0,0,6.918191330622095,0.0,19.5,Low
V0403,David LLC,Professional Services,United Kingdom,40357.55,0,45.0,10.0,75986.26,0.08748479914360917,1.0,0,6.6998783931488735,0.0,19.4,Low
V0133,Graham-Simon,Marketing,United Kingdom,70874.26,0,40.0,10.0,371663.08999999997,0.4279046077243851,0.0,1,13.42323686179508,0.0,19.4,Low
V0372,Marshall-Peterson,Marketing,United Kingdom,108405.91,0,45.0,10.0,48478.149999999994,0.05581405395664632,1.0,0,6.44651243165317,0.0,19.4,Low
V0247,Beasley-Gutierrez,IT Services,United Kingdom,16816.73,0,33.0,10.0,311442.39,0.35857107500692353,2.0,0,14.868568600055388,10.0,19.3,Low
V0245,"Schmidt, Chavez and Jacobs",Manufacturing,Singapore,27631.08,0,25.0,15.0,114326.44,0.13162676568374182,1.0,2,27.053014125469936,4.0,19.3,Low
V0182,Gay Inc,IT Services,Mexico,1501.3,0,30.0,35.0,86802.14,0.09993738056242593,1.0,0,6.799499044499408,0.0,19.2,Low
V0257,Nelson LLC,Facilities,Mexico,286904.4,0,33.0,35.0,274651.45999999996,0.3162127970582972,0.0,0,2.5297023764663775,0.0,19.2,Low
V0438,Hansen Ltd,Raw Materials,Nigeria,207687.8,0,20.0,60.0,92504.54000000001,0.1065026901149229,0.0,0,0.8520215209193832,0.0,19.2,Low
V0474,"Riley, Butler and Hernandez",Marketing,UAE,174369.96,0,35.0,30.0,151866.28,0.17484728163337832,0.0,0,1.3987782530670265,2.0,19.0,Low
V0171,"Ramos, Ramirez and Shea",Logistics,India,96174.15,0,33.0,20.0,251581.89,0.28965224916740967,1.0,0,8.317217993339277,7.0,19.0,Low
V0430,"Walker, Bernard and Mendoza",Software Licensing,UAE,20996.71,0,25.0,30.0,83792.59999999999,0.09647242515582138,1.0,1,16.77177940124657,0.0,18.9,Low
V0487,Norton-Miller,Raw Materials,United States,18816.68,0,35.0,10.0,77046.77,0.08870578967979018,0.0,1,10.709646317438322,10.0,18.9,Low
V0299,Peterson Group,Software Licensing,Brazil,48901.72,0,35.0,30.0,96429.26999999999,0.11102132566486174,0.0,0,0.8881706053188939,2.0,18.9,Low
V0464,Nichols and Sons,Facilities,United States,45091.76,0,35.0,10.0,146002.84,0.1680965628759266,0.0,1,11.344772503007412,9.0,18.9,Low
V0492,"Mueller, Knight and Hodge",IT Services,France,34698.74,0,33.0,10.0,170694.31,0.19652444304150457,0.0,2,21.572195544332036,0.0,18.9,Low
V0433,Rice-Cox,Software Licensing,India,6701.34,0,33.0,20.0,114338.72,0.1316409039415464,2.0,0,13.053127231532372,0.0,18.8,Low
V0380,"Bryant, Allen and Aguilar",Raw Materials,United States,256500.77,1,28.0,10.0,201516.02,0.23201021518784481,0.0,1,11.856081721502758,20.0,18.8,Low
V0035,"Spencer, Chapman and Smith",Facilities,South Africa,5107.32,0,20.0,35.0,326270.5,0.3756430328191562,1.0,1,19.00514426255325,0.0,18.8,Low
V0235,"Smith, Garrison and Thomas",Logistics,Mexico,57433.72,0,33.0,35.0,108030.22,0.12437777695783303,0.0,0,0.9950222156626642,0.0,18.8,Low
V0282,"Reid, Weber and Lin",Raw Materials,Mexico,8360.52,0,25.0,35.0,177656.96,0.20454070857105228,0.0,1,11.636325668568418,0.0,18.7,Low
V0498,Reyes-Singh,Manufacturing,France,224197.06,0,35.0,10.0,175709.2,0.2022982058820141,1.0,1,17.61838564705611,0.0,18.7,Low
V0142,Beck-Wood,Professional Services,India,46482.75,0,33.0,20.0,239962.22,0.2762742450905539,0.0,1,12.210193960724432,0.0,18.6,Low
V0445,Valdez LLC,Marketing,UAE,7551.15,0,30.0,30.0,102183.74,0.11764658465415698,1.0,0,6.941172677233256,2.0,18.6,Low
V0145,Newton Ltd,Logistics,UAE,28453.29,0,35.0,30.0,155395.39,0.17891043041192992,0.0,0,1.4312834432954393,0.0,18.6,Low
V0261,Griffith-Frank,Software Licensing,United Kingdom,1748.42,0,35.0,10.0,133063.16,0.15319879970423508,0.0,0,1.2255903976338807,20.0,18.6,Low
V0089,"Bentley, Byrd and Orr",Software Licensing,China,262070.07,0,25.0,40.0,152915.71,0.1760555155004653,1.0,0,7.408444124003722,0.0,18.6,Low
V0156,Evans-Chapman,Professional Services,UAE,320975.75,0,35.0,30.0,132345.26,0.15237226425815315,0.0,0,1.2189781140652252,0.0,18.6,Low
V0018,Wright PLC,Facilities,United States,227665.33,0,35.0,10.0,89279.08,0.10278914084633478,1.0,1,16.82231312677068,0.0,18.5,Low
V0262,Ware and Sons,IT Services,China,94868.03,0,25.0,40.0,114302.26,0.1315989266712244,1.0,0,7.052791413369795,0.0,18.5,Low
V0417,Lopez-Curry,Facilities,UAE,29843.04,0,35.0,30.0,88567.79,0.10197021565140009,0.0,0,0.8157617252112007,0.0,18.5,Low
V0329,Greer Ltd,Raw Materials,South Africa,64516.66,0,25.0,35.0,163094.77,0.18777491081707579,1.0,0,7.502199286536606,4.0,18.4,Low
V0233,Zhang PLC,Logistics,Singapore,37696.23,0,25.0,15.0,178312.51,0.20529545897038232,0.0,3,26.642363671763057,0.0,18.4,Low
V0126,"Odonnell, Brooks and David",IT Services,India,6118.15,0,35.0,20.0,248756.87,0.2863997360515295,1.0,0,8.291197888412237,0.0,18.3,Low
V0045,"Garcia, Pearson and Fernandez",Raw Materials,UAE,20198.27,0,25.0,30.0,251563.3,0.2896308460556355,2.0,0,14.317046768445085,0.0,18.3,Low
V0318,"Lynch, Henderson and Parsons",IT Services,United Kingdom,117042.92,0,33.0,10.0,78216.72,0.09005278110637263,3.0,0,18.72042224885098,0.0,18.2,Low
V0483,Patel Group,Software Licensing,Brazil,106959.06,0,25.0,30.0,432661.3,0.4981333063071248,0.0,1,13.985066450456998,0.0,18.2,Low
V0462,"Gutierrez, Butler and Moreno",Raw Materials,Germany,93182.63,0,45.0,10.0,180458.48,0.20776616557468433,0.0,0,1.6621293245974746,0.0,18.2,Low
V0139,Cortez Group,Professional Services,France,6034.84,0,25.0,10.0,206489.62,0.23773643986347245,0.0,0,1.9018915189077796,35.0,18.2,Low
V0346,Watson-Hines,Marketing,Germany,197110.21,0,45.0,10.0,138045.15,0.15893468398759722,0.0,0,1.2714774719007778,0.0,18.1,Low
V0093,"Miller, Robertson and Schultz",Software Licensing,UAE,171846.56,0,33.0,30.0,227996.16999999998,0.2624974454324001,0.0,0,2.099979563459201,0.0,18.1,Low
V0458,"Simmons, Simpson and Compton",Manufacturing,Germany,9761.1,0,35.0,10.0,360900.69,0.4155135991091016,2.0,0,15.324108792872813,0.0,18.1,Low
V0362,Torres and Sons,Manufacturing,France,35474.0,0,45.0,10.0,155452.15,0.17897577955793856,0.0,0,1.4318062364635085,0.0,18.1,Low
V0365,"Turner, Ferguson and Shaw",Software Licensing,Singapore,91143.49,0,33.0,15.0,198420.93,0.2284467640194179,2.0,0,13.827574112155343,0.0,18.0,Low
V0381,Simpson-Khan,Manufacturing,Singapore,354178.46,0,35.0,15.0,118281.23000000001,0.1361800100308798,0.0,1,11.089440080247039,0.0,18.0,Low
V0482,"Little, Peck and Durham",Logistics,Singapore,15266.49,0,33.0,15.0,167708.55,0.19308686611784728,2.0,0,13.544694928942778,0.0,17.9,Low
V0395,"Williams, Castillo and Warren",Manufacturing,France,16022.65,0,35.0,10.0,72938.93000000001,0.08397633520586181,1.0,0,6.671810681646894,10.0,17.9,Low
V0496,"Thomas, Hoover and Nicholson",Manufacturing,Germany,38968.91,0,45.0,10.0,63468.79,0.0730731364464827,0.0,0,0.5845850915718616,0.0,17.9,Low
V0500,Jacobs-Austin,Manufacturing,Vietnam,91226.4,0,28.0,40.0,57480.770000000004,0.06617898575439818,0.0,0,0.5294318860351854,0.0,17.9,Low
V0049,"Bernard, Cowan and Peters",Marketing,UAE,15779.09,0,33.0,30.0,151907.55,0.1748947967717817,0.0,0,1.3991583741742537,0.0,17.9,Low
V0281,"Snyder, Webster and Wolf",Manufacturing,India,97414.77,0,35.0,20.0,61743.99,0.07108733293986325,1.0,0,6.568698663518906,0.0,17.9,Low
V0328,"Sherman, Anderson and Bell",IT Services,United States,9825.97,0,33.0,10.0,168649.41999999998,0.19417011225958722,0.0,1,11.553360898076697,7.0,17.8,Low
V0424,"Murphy, Morales and Davis",Logistics,France,23571.61,0,45.0,10.0,23510.27,0.027067936344834186,0.0,0,0.2165434907586735,0.0,17.8,Low
V0310,"Singleton, Rosales and Mitchell",Facilities,France,9615.12,0,25.0,10.0,358609.58,0.4128757893502594,0.0,3,28.303006314802076,0.0,17.8,Low
V0258,White and Sons,Software Licensing,Brazil,179652.51,0,33.0,30.0,126165.25,0.14525707088562112,0.0,0,1.162056567084969,0.0,17.8,Low
V0478,"Payne, White and Preston",Raw Materials,United Kingdom,30921.46,0,35.0,10.0,185827.40000000002,0.21394753162452157,2.0,0,13.711580252996173,0.0,17.7,Low
V0321,Chen PLC,Professional Services,Vietnam,38894.99,0,20.0,40.0,94581.05,0.10889342575936302,0.0,1,10.871147406074904,0.0,17.7,Low
V0127,"Vaughn, Burton and Garcia",Manufacturing,India,189093.24,0,33.0,20.0,284780.63999999996,0.3278747643375061,1.0,0,8.62299811470005,0.0,17.7,Low
V0305,Goodwin-Bowers,Software Licensing,Germany,69127.46,0,33.0,10.0,78338.57,0.09019306992668895,1.0,1,16.721544559413513,0.0,17.7,Low
V0352,"Reed, Brown and Daniels",Logistics,France,200238.86,1,25.0,10.0,199527.19,0.22972042762518835,1.0,2,27.837763421001505,0.0,17.7,Low
V0301,"Conley, Stephenson and Johnson",Raw Materials,United Kingdom,29392.62,0,25.0,10.0,288322.64,0.3319527536814568,0.0,3,27.655622029451656,0.0,17.7,Low
V0213,Kramer-Johnson,Raw Materials,United States,149000.07,0,20.0,10.0,69060.34,0.07951082174184329,2.0,0,12.636086573934746,27.0,17.6,Low
V0255,"Richardson, Farmer and Andrews",Manufacturing,India,1961.86,0,33.0,20.0,190739.34,0.21960276566690579,1.0,0,7.756822125335246,0.0,17.5,Low
V0226,Chavez-Santiago,Manufacturing,United States,81443.51,0,35.0,10.0,69280.58,0.07976438932318483,2.0,0,12.638115114585478,0.0,17.4,Low
V0116,"Patterson, Camacho and White",Raw Materials,India,141048.29,0,30.0,20.0,109549.53,0.12612699491101137,0.0,1,11.00901595928809,0.0,17.3,Low
V0465,Nunez-Morrison,Logistics,United Kingdom,45100.73,0,33.0,10.0,254064.58000000002,0.2925106295638899,1.0,0,8.34008503651112,8.0,17.2,Low
V0105,Sims-Hill,Software Licensing,Singapore,447880.6,1,35.0,15.0,164116.4,0.18895113787903522,1.0,0,7.511609103032281,0.0,17.1,Low
V0003,Hoffman Ltd,Marketing,China,19315.82,0,25.0,40.0,163594.18,0.18834989349868572,0.0,0,1.5067991479894858,0.0,17.1,Low
V0072,Deleon-Henson,Marketing,Singapore,215903.18,1,35.0,15.0,159422.84,0.18354732995549117,1.0,0,7.468378639643929,0.0,17.1,Low
V0463,Harris-Lucas,Logistics,Singapore,31695.41,0,35.0,15.0,136087.63,0.1566809443770466,1.0,0,7.253447555016373,0.0,17.1,Low
V0211,Robinson-Lee,Marketing,Vietnam,208586.73,1,25.0,40.0,143325.34999999998,0.16501390457876836,0.0,0,1.3201112366301468,0.0,17.1,Low
V0307,"Valentine, Joyce and Murray",IT Services,Vietnam,80673.82,0,25.0,40.0,116465.14,0.13408910216310582,0.0,0,1.0727128173048466,0.0,17.0,Low
V0043,Lee Group,Manufacturing,France,4346.4,0,35.0,10.0,498270.8,0.5736710933940616,1.0,0,10.589368747152493,0.0,16.9,Low
V0221,Carson-Bentley,Facilities,UAE,14605.45,0,25.0,30.0,261051.69999999998,0.30055506798989334,1.0,0,8.404440543919147,0.0,16.9,Low
V0290,"Lucas, Williams and Zimmerman",Marketing,Germany,70209.5,0,35.0,10.0,70185.51,0.080806256883044,0.0,1,10.646450055064353,0.0,16.9,Low
V0150,"Oneill, Henry and Salas",Facilities,India,20083.83,0,35.0,20.0,245813.04,0.28301043414006644,0.0,0,2.2640834731205315,0.0,16.8,Low
V0039,Sanchez-Kennedy,IT Services,France,10925.76,0,30.0,10.0,139505.21,0.1606156859981925,1.0,1,17.28492548798554,0.0,16.8,Low
V0191,"Mcintyre, James and Mcneil",Manufacturing,United Kingdom,18979.06,0,33.0,10.0,143691.2,0.16543511643689499,0.0,1,11.32348093149516,2.0,16.8,Low
V0044,Ramirez and Sons,Raw Materials,Germany,9191.48,0,33.0,10.0,246814.0,0.2841628633364868,0.0,1,12.273302906691894,0.0,16.6,Low
V0222,Johnson-Henson,Software Licensing,Germany,158772.8,0,35.0,10.0,147687.88999999998,0.17003660125650932,0.0,0,1.3602928100520746,10.0,16.6,Low
V0227,"Newton, Moore and Perry",Software Licensing,India,182321.92,0,33.0,20.0,98619.68000000001,0.11354319710441085,0.0,0,0.9083455768352868,4.0,16.6,Low
V0293,"Holland, Jones and Davis",Marketing,Germany,561404.0,0,28.0,10.0,431313.09,0.49658107987759137,2.0,0,15.972648639020731,4.0,16.6,Low
V0270,"Whitaker, Drake and Jones",Marketing,South Africa,42043.39,0,25.0,35.0,350061.37,0.4030340306574722,0.0,0,3.2242722452597774,0.0,16.6,Low
V0108,"Lewis, Perry and Rivera",Raw Materials,India,29598.35,0,35.0,20.0,93939.54,0.10815483994794635,0.0,0,0.8652387195835708,0.0,16.5,Low
V0004,Cole LLC,Software Licensing,United States,120498.15,0,35.0,10.0,99444.5,0.11449283210460208,0.0,0,0.9159426568368166,10.0,16.5,Low
V0494,Williams-Jones,Logistics,Germany,78271.57,0,35.0,10.0,340425.95,0.3919405410796944,1.0,0,9.135524328637555,0.0,16.5,Low
V0095,Hernandez Inc,Facilities,Germany,8378.19,0,25.0,10.0,97903.14,0.11271822745886753,2.0,1,22.901745819670943,0.0,16.5,Low
V0250,Decker Inc,Professional Services,Germany,22611.14,0,33.0,10.0,158809.43,0.1828410963463797,0.0,1,11.462728770771038,0.0,16.4,Low
V0206,Vaughn-Bryant,Logistics,United Kingdom,9816.29,0,33.0,10.0,134249.54,0.1545647073829127,0.0,1,11.236517659063301,0.0,16.4,Low
V0493,Hall Ltd,Raw Materials,France,26843.8,0,35.0,10.0,299863.16000000003,0.3452396304696131,1.0,0,8.761917043756904,0.0,16.4,Low
V0136,Snyder LLC,Professional Services,France,20720.22,0,25.0,10.0,30581.39,0.03520908598057567,1.0,0,6.281672687844606,20.0,16.3,Low
V0078,Keller Group,Professional Services,Germany,16669.06,0,28.0,10.0,213004.45,0.2452371195127243,1.0,1,17.961896956101796,0.0,16.3,Low
V0159,Arnold and Sons,Manufacturing,Singapore,305508.99,0,35.0,15.0,464002.94,0.5342176863020253,0.0,0,4.273741490416202,0.0,16.3,Low
V0060,Mitchell-Kim,Raw Materials,France,148416.24,0,33.0,10.0,512395.89,0.5899336474602231,1.0,0,10.719469179681784,0.0,16.2,Low
V0114,"Martin, Mcdonald and Anderson",Manufacturing,France,52504.93,0,33.0,10.0,50212.48,0.05781082958027534,0.0,1,10.462486636642202,0.0,16.2,Low
V0112,"Navarro, Marsh and Hurst",Facilities,Germany,24034.98,0,35.0,10.0,152739.51,0.1758526522248007,1.0,0,7.406821217798406,0.0,16.1,Low
V0153,"Soto, Brown and Hernandez",Marketing,Mexico,39524.37,0,25.0,35.0,137912.71,0.15878220264691037,0.0,0,1.270257621175283,0.0,16.1,Low
V0115,Vargas-Alvarado,Facilities,Singapore,462256.47,1,35.0,15.0,31541.260000000002,0.03631420727689919,0.0,0,0.29051365821519354,4.0,16.1,Low
V0440,Williams LLC,Professional Services,United States,28813.47,0,35.0,10.0,165956.26,0.19106941271651717,1.0,0,7.528555301732137,0.0,16.1,Low
V0422,"Scott, Lopez and Doyle",Marketing,Germany,3449.01,0,30.0,10.0,226714.26,0.2610215517791241,2.0,0,14.088172414232993,0.0,16.0,Low
V0267,Turner and Sons,Software Licensing,Germany,25869.69,0,35.0,10.0,119302.36,0.1373556614308765,1.0,0,7.098845291447012,0.0,16.0,Low
V0355,Tyler Inc,Raw Materials,France,16247.58,0,35.0,10.0,113327.15,0.130476259198277,1.0,0,7.043810073586216,0.0,16.0,Low
V0481,Robinson Group,Facilities,India,54721.77,0,25.0,20.0,214787.80000000002,0.24729033303517894,0.0,0,1.9783226642814316,14.0,16.0,Low
V0155,"Carlson, Montgomery and Rowe",Software Licensing,Singapore,30203.95,0,25.0,15.0,71646.2,0.08248798422771236,0.0,0,0.6599038738216989,20.0,15.9,Low
V0177,"Booth, Murray and Brown",Raw Materials,India,18545.62,0,33.0,20.0,131638.14,0.1515581400839876,0.0,0,1.2124651206719008,0.0,15.9,Low
V0312,Velasquez LLC,Raw Materials,Germany,4142.63,0,33.0,10.0,390605.38,0.44971331940423354,1.0,0,9.597706555233868,0.0,15.9,Low
V0037,Ramirez Group,Facilities,United States,23692.91,0,35.0,10.0,65479.729999999996,0.07538837978113094,1.0,0,6.603107038249048,0.0,15.9,Low
V0470,"Wong, Parker and Ward",Logistics,Germany,51437.04,0,35.0,10.0,46456.009999999995,0.053485915794033,1.0,0,6.4278873263522645,0.0,15.9,Low
V0218,Dalton Ltd,Software Licensing,Germany,74648.63,0,35.0,10.0,56561.39,0.0651204815638162,1.0,0,6.52096385251053,0.0,15.9,Low
V0042,Chandler-Mcbride,IT Services,France,74501.4,0,35.0,10.0,32132.38,0.03699477787571233,1.0,0,6.295958223005699,0.0,15.8,Low
V0172,Costa-Harrison,Manufacturing,Germany,8972.19,0,25.0,10.0,469608.43999999994,0.5406714325661459,1.0,1,20.32537146052917,0.0,15.8,Low
V0028,Koch-Decker,Professional Services,Singapore,52977.16,0,35.0,15.0,217938.52,0.25091783235357873,0.0,0,2.00734265882863,0.0,15.8,Low
V0009,Bush Inc,IT Services,United Kingdom,498807.54,0,33.0,10.0,278402.04,0.3205309295466186,1.0,0,8.564247436372948,0.0,15.7,Low
V0488,Cunningham-Branch,Facilities,Singapore,154433.93,0,20.0,15.0,291550.74,0.33566934244520813,0.0,2,22.685354739561664,0.0,15.7,Low
V0186,Barton-Dickerson,Professional Services,United Kingdom,62933.26,0,33.0,10.0,303449.67,0.3493688652414855,1.0,0,8.794950921931884,0.0,15.7,Low
V0029,Allen PLC,Manufacturing,India,140560.03,0,33.0,20.0,82597.26,0.09509620161477171,0.0,0,0.7607696129181737,0.0,15.7,Low
V0203,"Allen, Durham and Thomas",Raw Materials,Singapore,59323.91,0,33.0,15.0,510786.26,0.588080441930098,0.0,0,4.704643535440784,0.0,15.7,Low
V0453,Young-Robinson,Professional Services,Germany,25346.96,0,35.0,10.0,595582.36,0.6857082206451104,0.0,0,5.485665765160883,0.0,15.6,Low
V0165,"Curry, Carroll and Roberts",Facilities,Singapore,37022.55,0,30.0,15.0,272348.45,0.31356128654474225,1.0,0,8.508490292357937,0.0,15.6,Low
V0098,Douglas Inc,Manufacturing,Brazil,32445.88,0,25.0,30.0,354199.88,0.4077987962361942,0.0,0,3.2623903698895536,0.0,15.6,Low
V0198,Francis Group,Professional Services,United States,31011.76,0,28.0,10.0,370298.99,0.42633408675767615,0.0,1,13.41067269406141,2.0,15.6,Low
V0460,Webster Group,Software Licensing,United Kingdom,114611.55,0,33.0,10.0,203826.07,0.23466983102183506,1.0,0,7.87735864817468,0.0,15.5,Low
V0239,Reese Group,Software Licensing,India,24204.48,0,25.0,20.0,127356.75,0.14662887334279706,0.0,1,11.173030986742376,0.0,15.5,Low
V0188,Ryan-Reed,IT Services,United States,57142.17,0,25.0,10.0,92964.48,0.10703223004119523,1.0,1,16.85625784032956,2.0,15.4,Low
V0040,Davis Group,Raw Materials,France,17301.55,0,33.0,10.0,160039.19,0.18425694845694346,1.0,0,7.474055587655547,0.0,15.4,Low
V0429,"Carrillo, Vaughn and Fowler",Manufacturing,India,204578.02,1,20.0,20.0,147144.1,0.16941052281908786,1.0,1,17.3552841825527,0.0,15.3,Low
V0183,"Collier, Jimenez and Moran",Manufacturing,United Kingdom,34146.71,0,33.0,10.0,43895.36,0.05053777818432458,1.0,0,6.404302225474597,0.0,15.2,Low
V0300,Moore LLC,Manufacturing,Singapore,63504.53,0,33.0,15.0,286128.83,0.3294269677405612,0.0,0,2.6354157419244895,0.0,15.2,Low
V0051,"Edwards, Williams and Woods",Manufacturing,Brazil,59695.78,0,25.0,30.0,202397.54,0.23302513025460922,0.0,0,1.8642010420368738,0.0,15.2,Low
V0289,Garcia-Nolan,Logistics,Brazil,398598.47,0,25.0,30.0,176442.69,0.2031426904680938,0.0,0,1.6251415237447504,0.0,15.2,Low
V0173,Santiago-Hodge,Logistics,France,36528.84,0,25.0,10.0,142891.95,0.16451492078947752,1.0,1,17.31611936631582,0.0,15.1,Low
V0348,"Lopez, Holmes and Mcintyre",Logistics,United Kingdom,20865.89,0,25.0,10.0,99316.65,0.11434563534073307,1.0,1,16.914765082725864,0.0,15.0,Low
V0349,Padilla-Lewis,Marketing,United States,2403.47,0,25.0,10.0,106920.98,0.12310068240676476,0.0,0,0.9848054592541181,20.0,15.0,Low
V0005,"Henderson, Ramirez and Lewis",Marketing,Brazil,10487.53,0,25.0,30.0,88301.29000000001,0.10166338782526717,0.0,0,0.8133071026021373,0.0,15.0,Low
V0161,Roberts LLC,Raw Materials,India,24454.57,0,25.0,20.0,278646.06,0.3208118756109074,1.0,0,8.566495004887258,0.0,14.9,Low
V0366,"Moore, Hopkins and Le",Raw Materials,Singapore,265567.59,0,33.0,15.0,156732.15,0.180449474182517,0.0,0,1.443595793460136,0.0,14.9,Low
V0388,Williams and Sons,Software Licensing,India,19725.6,0,25.0,20.0,254559.16999999998,0.29308006286417915,1.0,0,8.344640502913434,0.0,14.8,Low
V0437,Palmer Group,Facilities,United States,15034.75,0,33.0,10.0,193252.24,0.2224959275591739,0.0,0,1.7799674204733913,4.0,14.8,Low
V0341,Hill-Whitney,Software Licensing,India,29820.98,0,25.0,20.0,282854.16,0.3256567618216015,0.0,0,2.605254094572812,7.0,14.8,Low
V0036,Whitehead LLC,IT Services,Germany,36905.22,0,35.0,10.0,218385.5,0.25143245112177726,0.0,0,2.011459608974218,0.0,14.8,Low
V0390,Martin-Ewing,Software Licensing,United Kingdom,172009.85,0,35.0,10.0,188152.62,0.21662461304246083,0.0,0,1.7329969043396867,0.0,14.7,Low
V0335,Kim-Ross,Professional Services,Germany,37251.85,0,35.0,10.0,158579.52000000002,0.1825763954626791,0.0,0,1.4606111637014327,0.0,14.6,Low
V0387,Gonzalez PLC,Manufacturing,United States,5324.1,0,35.0,10.0,138456.49,0.15940826957109258,0.0,0,1.2752661565687406,0.0,14.6,Low
V0448,"Gray, Hall and Murray",IT Services,Germany,58639.08,0,33.0,10.0,105070.56,0.12097024958863004,0.0,0,0.9677619967090403,4.0,14.6,Low
V0451,Jones PLC,Software Licensing,United Kingdom,71820.0,0,35.0,10.0,161889.34,0.1863870704176183,0.0,0,1.4910965633409463,0.0,14.6,Low
V0180,Dudley PLC,Marketing,United Kingdom,10277.82,0,35.0,10.0,117967.7,0.13581903544053284,0.0,0,1.0865522835242627,0.0,14.5,Low
V0231,Lopez-Martinez,Facilities,France,8916.31,0,35.0,10.0,94628.78,0.10894837845032485,0.0,0,0.8715870276025988,0.0,14.5,Low
V0425,Boyle-Smith,Raw Materials,United Kingdom,81774.25,0,35.0,10.0,100810.25,0.11606525275578802,0.0,0,0.9285220220463042,0.0,14.5,Low
V0034,"Hayes, Wright and Brown",Logistics,France,84163.88,0,35.0,10.0,122607.58,0.14116104029575863,0.0,0,1.129288322366069,0.0,14.5,Low
V0407,Moses-Miller,Manufacturing,France,96173.27,0,35.0,10.0,112172.12999999999,0.12914645703790154,0.0,0,1.0331716563032123,0.0,14.5,Low
V0376,Roberts Group,Software Licensing,United States,249381.06,0,35.0,10.0,81842.06999999999,0.09422673329950969,0.0,0,0.7538138663960775,0.0,14.4,Low
V0094,Cardenas and Sons,IT Services,United States,167892.94,0,30.0,10.0,174334.13,0.20071505489184294,1.0,0,7.6057204391347435,0.0,14.4,Low
V0164,Jones and Sons,Facilities,France,1108839.95,1,35.0,10.0,81892.47,0.09428476002535248,0.0,0,0.7542780802028198,0.0,14.4,Low
V0274,"Stevens, Norris and Cox",Software Licensing,Singapore,144627.95,0,25.0,15.0,28764.129999999997,0.03311683106380894,0.0,1,10.264934648510472,0.0,14.3,Low
V0394,Baker-Rios,Professional Services,Germany,48921.92,0,35.0,10.0,29388.170000000002,0.03383530324624795,0.0,0,0.2706824259699836,0.0,14.3,Low
V0392,Wells-Smith,Marketing,United States,12992.93,0,25.0,10.0,43059.35,0.049575259869407536,1.0,0,6.396602078955261,10.0,14.3,Low
V0455,"Johnston, Ray and Barton",Facilities,United States,446243.79,0,30.0,10.0,57803.909999999996,0.06655102456766869,1.0,0,6.53240819654135,0.0,14.1,Low
V0408,Burgess-Lewis,Logistics,United Kingdom,97347.86,0,33.0,10.0,225234.3,0.25931763842241223,0.0,0,2.074541107379298,0.0,14.1,Low
V0111,Evans-Price,Facilities,France,79333.13,0,33.0,10.0,192728.13,0.22189250717660533,0.0,0,1.7751400574128426,0.0,14.0,Low
V0383,"Diaz, Powell and Williams",Logistics,Germany,49593.33,0,28.0,10.0,288229.39,0.3318453927254084,1.0,0,8.654763141803267,0.0,14.0,Low
V0317,Smith and Sons,IT Services,United States,103258.71,0,28.0,10.0,288727.54000000004,0.3324189247388723,1.0,0,8.659351397910978,0.0,14.0,Low
V0459,Horton-Russell,Logistics,France,9915.13,0,33.0,10.0,202355.13999999998,0.23297631412017003,0.0,0,1.8638105129613602,0.0,14.0,Low
V0251,"Rodgers, Cain and Hawkins",Raw Materials,Singapore,92559.59,0,25.0,15.0,266568.78,0.30690701419252564,1.0,0,8.455256113540205,0.0,13.9,Low
V0046,Martin Group,Manufacturing,United Kingdom,26982.89,0,33.0,10.0,154729.94,0.17814428190573792,0.0,0,1.4251542552459033,0.0,13.9,Low
V0176,Cordova Group,Software Licensing,United States,7218.1,0,33.0,10.0,87303.38,0.10051447016681944,0.0,0,0.8041157613345555,0.0,13.8,Low
V0338,"Carney, White and Carter",Raw Materials,United States,386088.57,0,28.0,10.0,209259.88999999998,0.24092591799443405,1.0,0,7.927407343955473,0.0,13.8,Low
V0179,"Anderson, Roberts and Gilmore",Logistics,United Kingdom,85641.05,0,33.0,10.0,111356.9,0.12820786323415537,0.0,0,1.025662905873243,0.0,13.8,Low
V0431,Perry-Dunn,IT Services,United Kingdom,347616.31,1,25.0,10.0,256373.02,0.29516839176636006,0.0,1,12.361347134130881,0.0,13.8,Low
V0016,Gentry PLC,Logistics,United States,55909.89,0,33.0,10.0,68747.03,0.07915010044275995,0.0,0,0.6332008035420796,0.0,13.7,Low
V0364,Gonzalez-Huber,Raw Materials,United Kingdom,187158.96,0,33.0,10.0,66026.16,0.07601749771371565,0.0,0,0.6081399817097252,0.0,13.7,Low
V0181,Pierce-Tran,Logistics,France,172573.31,0,33.0,10.0,85351.67,0.09826741974827569,0.0,0,0.7861393579862055,0.0,13.7,Low
V0190,"Reyes, Chase and Jenkins",Marketing,United States,8910.0,0,33.0,10.0,51643.07,0.05945790207478758,0.0,0,0.47566321659830063,0.0,13.7,Low
V0379,Jimenez-Davis,IT Services,United Kingdom,1424.04,0,25.0,10.0,181747.38,0.20925010698219929,0.0,1,11.674000855857594,0.0,13.7,Low
V0432,"Petersen, Gill and Becker",Facilities,United States,19973.4,0,25.0,10.0,139276.43,0.16035228611052763,0.0,1,11.28281828888422,0.0,13.6,Low
V0375,Martinez-Cole,Software Licensing,Singapore,21367.46,0,30.0,15.0,59591.45,0.068609062137371,0.0,0,0.548872497098968,0.0,13.6,Low
V0058,Howell-Hart,Manufacturing,United Kingdom,5124.07,0,20.0,10.0,274228.66,0.31572601730261607,1.0,1,18.525808138420928,0.0,13.6,Low
V0064,Watts LLC,IT Services,United Kingdom,19895.14,0,25.0,10.0,106082.31999999999,0.12213511308344525,0.0,1,10.977080904667561,0.0,13.5,Low
V0278,"Wilson, Hicks and Bullock",Marketing,United States,49020.51,0,25.0,10.0,120986.45,0.13929459454049078,0.0,1,11.114356756323927,0.0,13.5,Low
V0082,"Estes, Baker and Rodriguez",IT Services,Germany,5392.44,0,28.0,10.0,77214.79,0.08889923512574459,1.0,0,6.711193881005957,0.0,13.5,Low
V0485,Rodriguez Inc,Software Licensing,Singapore,93657.52,0,25.0,15.0,353450.94,0.4069365236954662,0.0,0,3.2554921895637294,4.0,13.4,Low
V0356,"Armstrong, Mcdonald and Bird",Manufacturing,France,23173.6,0,20.0,10.0,163413.93,0.18814236736112303,0.0,0,1.5051389388889842,20.0,13.4,Low
V0454,Gordon LLC,IT Services,United States,10923.9,0,20.0,10.0,166284.77,0.19144763413926738,1.0,1,17.53158107311414,0.0,13.4,Low
V0471,Lang Ltd,Logistics,Germany,3272.69,0,25.0,10.0,148430.19,0.17089122900637227,0.0,0,1.3671298320509782,11.0,13.3,Low
V0263,"Williams, Miller and Ramos",Professional Services,Brazil,49649.6,0,20.0,30.0,98600.13,0.11352068872166826,0.0,0,0.9081655097733461,0.0,13.2,Low
V0216,"Mcintyre, Rivas and Scott",Professional Services,Singapore,118844.68,0,25.0,15.0,357995.76,0.41216908369833855,0.0,0,3.2973526695867084,2.0,13.0,Low
V0354,Hicks-Martinez,Manufacturing,France,59513.5,0,20.0,10.0,381682.51,0.43944020568953646,2.0,0,15.51552164551629,0.0,12.9,Low
V0008,Arnold Ltd,Software Licensing,United Kingdom,40167.77,0,25.0,10.0,219578.05,0.2528054624690749,1.0,0,8.0224436997526,0.0,12.8,Low
V0104,Walton-Larsen,Raw Materials,United States,85327.27,0,20.0,10.0,65795.31,0.07575171458552506,1.0,0,6.606013716684201,10.0,12.7,Low
V0304,Diaz-Ball,Manufacturing,United Kingdom,6584.62,0,25.0,10.0,178547.88999999998,0.20556645759595513,1.0,0,7.644531660767641,0.0,12.7,Low
V0147,"Campbell, Garcia and Lee",Professional Services,United Kingdom,20713.19,0,30.0,10.0,62874.770000000004,0.07238922700828575,0.0,0,0.579113816066286,0.0,12.6,Low
V0288,"Pearson, Morris and Alvarez",Raw Materials,Germany,27377.66,0,25.0,10.0,162446.91999999998,0.18702902561197177,1.0,0,7.496232204895774,0.0,12.6,Low
V0345,Herring-Johnson,Professional Services,Singapore,45186.65,0,25.0,15.0,261620.46,0.3012098949857334,0.0,0,2.4096791598858673,0.0,12.4,Low
V0144,Parker-Hall,IT Services,United Kingdom,99951.43,0,25.0,10.0,45410.39,0.05228206847110199,1.0,0,6.418256547768816,0.0,12.4,Low
V0120,Harrington Ltd,Manufacturing,Singapore,182780.38,0,25.0,15.0,99397.52,0.11443874290658436,0.0,0,0.9155099432526749,0.0,12.0,Low
V0418,Evans PLC,Facilities,Singapore,38854.56,0,25.0,15.0,55045.27,0.06337493633396005,0.0,0,0.5069994906716804,0.0,11.9,Low
V0033,"Vaughn, Marquez and Ross",Software Licensing,United States,16356.83,0,28.0,10.0,50509.35,0.05815262311402424,0.0,0,0.46522098491219394,0.0,11.9,Low
V0210,"Crawford, Strong and Mitchell",Software Licensing,United Kingdom,41279.35,0,25.0,10.0,263524.84,0.30340245324288556,0.0,0,2.4272196259430845,0.0,11.4,Low
V0240,"Wheeler, Hayes and Walker",IT Services,United States,38345.44,0,25.0,10.0,249035.06,0.286720022854351,0.0,0,2.293760182834808,0.0,11.3,Low
V0149,Williams-Brown,Raw Materials,United Kingdom,14915.07,0,25.0,10.0,216182.03999999998,0.248895554905001,0.0,0,1.991164439240008,0.0,11.2,Low
V0013,"Jackson, Daniel and Martin",Software Licensing,France,51507.24,0,25.0,10.0,202490.81,0.23313251423713613,0.0,0,1.865060113897089,0.0,11.2,Low
V0249,Mckay-Mcdaniel,Marketing,United States,13300.18,0,25.0,10.0,193790.15,0.22311523621191373,0.0,0,1.7849218896953098,0.0,11.2,Low
V0434,Poole PLC,IT Services,United States,29046.39,0,25.0,10.0,215183.62,0.2477460500713513,0.0,0,1.9819684005708105,0.0,11.2,Low
V0200,Flynn-Carter,Marketing,France,9314.64,0,25.0,10.0,172293.04,0.19836509914084233,0.0,0,1.5869207931267386,0.0,11.1,Low
V0339,Guerrero-Parker,IT Services,Germany,43528.47,0,25.0,10.0,169766.80000000002,0.1954565785874087,0.0,0,1.5636526286992696,0.0,11.1,Low
V0386,Long LLC,IT Services,France,33449.31,0,25.0,10.0,130733.39,0.15051647976243498,0.0,0,1.2041318380994799,0.0,11.1,Low
V0229,Wallace-Young,Facilities,France,79957.68,0,25.0,10.0,113329.09000000001,0.13047849276669238,0.0,0,1.043827942133539,0.0,11.0,Low
V0234,"Clark, Robinson and Kane",Software Licensing,United States,6098.17,0,25.0,10.0,126260.93,0.14536722955880835,0.0,0,1.1629378364704668,0.0,11.0,Low
V0224,Wilson-Williams,Marketing,France,6926.81,0,25.0,10.0,116961.39000000001,0.13466044666111135,0.0,0,1.0772835732888908,0.0,11.0,Low
V0129,"Patterson, Wood and Hunter",Logistics,United States,8625.26,0,25.0,10.0,47408.5,0.0545825403197867,0.0,0,0.4366603225582936,0.0,10.9,Low
V0061,"Riggs, Roman and Rice",Software Licensing,France,35027.73,0,25.0,10.0,70455.98,0.08111765546516099,0.0,0,0.6489412437212879,0.0,10.9,Low
V0467,Lewis and Sons,Professional Services,Germany,32069.22,0,25.0,10.0,54603.130000000005,0.06286588997356075,0.0,0,0.502927119788486,0.0,10.9,Low
V0169,Key Ltd,Facilities,United Kingdom,270213.51,1,25.0,10.0,74447.54000000001,0.08571323399303782,0.0,0,0.6857058719443025,0.0,10.9,Low
V0119,Cooke LLC,Facilities,France,42175.65,0,25.0,10.0,47165.18,0.05430240018224573,0.0,0,0.43441920145796586,0.0,10.9,Low
V0452,"Powers, Brennan and Sanchez",Logistics,France,20784.63,0,25.0,10.0,55701.36,0.0641303084482098,0.0,0,0.5130424675856784,0.0,10.9,Low
V0219,"Diaz, Gibbs and Smith",Marketing,France,13117.81,0,20.0,10.0,81246.04,0.09354050970022258,1.0,0,6.74832407760178,0.0,10.7,Low
V0081,Wiley LLC,IT Services,Singapore,33792.59,0,20.0,15.0,174344.55000000002,0.20072705168714616,0.0,0,1.6058164134971693,0.0,10.4,Low
V0212,"Massey, Fuller and Berger",Software Licensing,United Kingdom,17898.17,0,8.0,10.0,49199.840000000004,0.05664495292040572,1.0,0,6.453159623363246,20.0,10.4,Low
V0068,"Smith, Jones and Ware",Logistics,United Kingdom,113599.51,0,20.0,10.0,187506.43,0.21588063903507307,0.0,0,1.7270451122805845,0.0,9.4,Low
V0070,Jordan Inc,Raw Materials,United States,25598.41,0,20.0,10.0,152958.68,0.176104987889542,0.0,0,1.408839903116336,0.0,9.4,Low
